{
    "$schema": "http://json-schema.org/draft-07/schema#",
    "$id": "http://biocomputeobject.org/schemas/error_domain.json",
    "type": "object",
    "title": "Error Domain",
    "description": "",
    "required": [
        "empirical_error",
        "algorithmic_error"
    ],
    "properties": {
        "empirical_error": {
            "type": "object",
            "title": "Empirical Error",
            "description": "empirically determined values such as limits of detectability, false positives, false negatives, statistical confidence of outcomes, etc. This can be measured by running the algorithm on multiple data samples of the usability domain or through the use of carefully designed in-silico data."
        },
        "algorithmic_error": {
            "type": "object",
            "title": "Algorithmic Error",
            "description": "descriptive of errors that originate by fuzziness of the algorithms, driven by stochastic processes, in dynamically parallelized multi-threaded executions, or in machine learning methodologies where the state of the machine can affect the outcome."
        }
    }

}