{
    "$schema": "http://json-schema.org/draft-07/schema#",
    "$id": "http://biocomputeobject.org/schemas/io_domain.json",
    "type": "object",
    "title": "Input and Output Domain",
    "description": "The list of global input and output files created by the computational workflow, excluding the intermediate files. Custom to every specific BCO implementation, these fields are pointers to objects that can reside in the system performing the computation or any other accessible system.",
    "required": [
        "input_subdomain",
        "output_subdomain"
    ],
    "properties": {
        "input_subdomain": {
            "type": "array",
            "title": "input_domain",
            "description": "A record of the references and input files for the entire pipeline. Each type of input file is listed under a key for that type.",
            "items": {
                "additionalProperties": false,
                "type": "object",
                "required": [
                    "uri"
                ],
                "properties": {
                    "uri": {
                        "$ref": "#/definitions/uri"
                    }
                }
            }
        },
        "output_subdomain": {
            "type": "array",
            "title": "output_subdomain",
            "description": "A record of the outputs for the entire pipeline.",
            "items": {
                "type": "object",
                "title": "The Items Schema",
                "required": [
                    "mediatype",
                    "uri"
                ],
                "properties": {
                    "mediatype": {
                        "type": "string",
                        "title": "mediatype",
                        "description": "https://www.iana.org/assignments/media-types/",
                        "examples": [
                            "text/csv"
                        ],
                        "pattern": "^(.*)$"
                    },
                    "uri": {
                        "$ref": "#/definitions/uri"
                    }
                }
            }
        }
    }
}
